{
  "base": {
    "train_loss": [
      0.38048587530851363,
      0.28963963598012926,
      0.2660215237736702,
      0.23695407509803773,
      0.21997861087322235,
      0.2099844378232956,
      0.19960134208202363,
      0.18703245103359223,
      0.17524029359221457,
      0.16463215842843057
    ],
    "val_loss": [
      0.2757410200742575,
      0.2591611548111989,
      0.22769563587812278,
      0.21850571150963122,
      0.2023985660993136,
      0.23836837938198677,
      0.18306158139155462,
      0.17382391141011164,
      0.16077318902199084,
      0.16458201293761915
    ],
    "train_dice": [
      0.7718598598241806,
      0.8490884661674499,
      0.8608181977272034,
      0.8827656757831573,
      0.88889009475708,
      0.8898529529571533,
      0.8952378809452057,
      0.899104368686676,
      0.9057961511611938,
      0.9101722884178162
    ],
    "val_dice": [
      0.8625002365845901,
      0.8548781459148114,
      0.8894593899066632,
      0.8864513681485102,
      0.8873147643529452,
      0.8482499856215256,
      0.8986968352244451,
      0.9032723032511197,
      0.9108864894280067,
      0.9075047236222488
    ],
    "train_iou": [
      0.7718598598241806,
      0.8490884661674499,
      0.8608181977272034,
      0.8827656757831573,
      0.88889009475708,
      0.8898529529571533,
      0.8952378809452057,
      0.899104368686676,
      0.9057961511611938,
      0.9101722884178162
    ],
    "val_iou": [
      0.8625002365845901,
      0.8548781459148114,
      0.8894593899066632,
      0.8864513681485102,
      0.8873147643529452,
      0.8482499856215256,
      0.8986968352244451,
      0.9032723032511197,
      0.9108864894280067,
      0.9075047236222488
    ]
  },
  "attention": {
    "train_loss": [
      0.35623665869235993,
      0.30152389079332353,
      0.268146747648716,
      0.2482309067249298,
      0.22354670852422714,
      0.21589638590812682,
      0.2069667708873749,
      0.18411901026964186,
      0.1752886852622032,
      0.16954421415925025
    ],
    "val_loss": [
      0.2928098187996791,
      0.2573958348769408,
      0.23035432971440828,
      0.21720416156145242,
      0.21988619634738335,
      0.1952084727012194,
      0.19370321814830488,
      0.17013571239434755,
      0.15364213631703302,
      0.15239432568733507
    ],
    "train_dice": [
      0.8038801640272141,
      0.8261764407157898,
      0.8453091299533844,
      0.8559578120708465,
      0.8762099325656891,
      0.8763710153102875,
      0.8821432983875275,
      0.8970218360424042,
      0.9031224477291108,
      0.9027540528774262
    ],
    "val_dice": [
      0.8267036859805768,
      0.8563740299298213,
      0.8820210145070002,
      0.8933488497367272,
      0.8722184896469116,
      0.89936475111888,
      0.8927877912154565,
      0.9120959364450895,
      0.9106831596447871,
      0.9142237168091994
    ],
    "train_iou": [
      0.8038801640272141,
      0.8261764407157898,
      0.8453091299533844,
      0.8559578120708465,
      0.8762099325656891,
      0.8763710153102875,
      0.8821432983875275,
      0.8970218360424042,
      0.9031224477291108,
      0.9027540528774262
    ],
    "val_iou": [
      0.8267036859805768,
      0.8563740299298213,
      0.8820210145070002,
      0.8933488497367272,
      0.8722184896469116,
      0.89936475111888,
      0.8927877912154565,
      0.9120959364450895,
      0.9106831596447871,
      0.9142237168091994
    ]
  }
}