{
  "base": {
    "loss": 0.4718604743480682,
    "dice": 0.7224826201796531
  },
  "attention": {
    "loss": 0.4217108696699142,
    "dice": 0.6800704516470433
  }
}